contact_id,account_id,first_name,last_name,email,job_title,department,is_primary_contact,is_decision_maker,created_date,is_active
CON-2000,ACC-1165,Danielle,Johnson,john21@yang.com,Chief Brand Officer,Creative,0,1,2015-11-20,1
CON-2001,ACC-1048,Anthony,Robinson,hoffmanjennifer@gardner.com,Head of Partnerships,Creative,0,0,2015-07-31,0
CON-2002,ACC-1048,Katherine,Moore,jpeterson@bernard.com,VP Commercial,Licensing,0,0,2021-08-03,0
CON-2003,ACC-1085,Christopher,Davis,cassandra07@martinez.com,Chief Brand Officer,Marketing,1,1,2018-05-26,1
CON-2004,ACC-1191,Maria,Montgomery,barbara10@perez.com,Creative Director,Brand,0,0,2023-06-17,1
CON-2005,ACC-1061,Michelle,James,xreid@wood.com,Procurement Director,Procurement,1,0,2021-03-11,1
CON-2006,ACC-1066,Jacqueline,Sutton,lynchgeorge@sanchez.net,Head of Campaigns,Creative,0,0,2019-01-13,1
CON-2007,ACC-1194,Jeffrey,Nguyen,perezantonio@morales-jones.org,Chief Brand Officer,Brand,1,0,2018-08-04,1
CON-2008,ACC-1056,Nancy,Edwards,pfoster@thomas-taylor.net,Marketing Director,Marketing,1,0,2023-04-25,1
CON-2009,ACC-1106,Amber,Burgess,zhurst@robinson-bright.net,Marketing Director,Brand,1,0,2018-04-24,1
CON-2010,ACC-1127,Trevor,Campos,hernandezernest@henderson.info,Senior Brand Manager,Licensing,1,0,2021-03-05,1
CON-2011,ACC-1185,Allison,Maddox,frazierdanny@potter.com,VP Commercial,Creative,0,0,2022-03-13,1
CON-2012,ACC-1035,Ryan,Chavez,teresa28@harrell.net,Head of Campaigns,Creative,1,0,2023-01-29,0
CON-2013,ACC-1015,Chelsea,Hernandez,amberosborne@sellers.com,Chief Marketing Officer,Marketing,0,0,2020-11-16,1
CON-2014,ACC-1105,Sarah,Koch,john39@miller.com,Head of Brand Licensing,Licensing,1,0,2016-07-17,1
CON-2015,ACC-1129,Tiffany,Patel,davidalvarez@martin.com,Procurement Director,Marketing,0,0,2020-02-11,1
CON-2016,ACC-1123,Sarah,Campos,jenniferross@santos.com,Creative Director,Marketing,1,0,2022-05-24,1
CON-2017,ACC-1135,John,Brown,chapmanjerry@smith.com,Head of Partnerships,Commercial,0,1,2023-02-06,1
CON-2018,ACC-1172,Jeremy,Whitehead,chad34@washington.org,Licensing Director,Brand,1,1,2019-10-30,1
CON-2019,ACC-1049,Barbara,Sanchez,maguirre@davis.com,Head of Campaigns,Procurement,0,1,2021-12-13,1
CON-2020,ACC-1095,Rodney,Owens,nuneztracey@brown.com,Creative Director,Commercial,1,0,2019-07-22,1
CON-2021,ACC-1211,Lauren,Rodriguez,jameswest@white-ford.com,Senior Brand Manager,Licensing,0,1,2015-11-27,1
CON-2022,ACC-1141,Scott,Callahan,williamsyvette@novak.com,Chief Marketing Officer,Licensing,1,1,2020-05-03,1
CON-2023,ACC-1111,Richard,Olson,kbarrera@smith-myers.info,Licensing Director,Procurement,0,0,2022-03-26,1
CON-2024,ACC-1135,Justin,Horton,smoore@novak.net,Brand Manager,Brand,0,0,2015-06-24,1
CON-2025,ACC-1069,Bruce,Edwards,silvawesley@moore.com,Chief Brand Officer,Marketing,0,1,2015-07-10,1
CON-2026,ACC-1168,Casey,Jones,richarddavid@sanchez.biz,Marketing Director,Procurement,1,1,2015-05-15,1
CON-2027,ACC-1210,Diane,Cunningham,sarah35@baker.com,Head of Brand Licensing,Creative,0,1,2022-12-29,1
CON-2028,ACC-1145,Stephen,Hickman,smithchristine@ferrell.com,Senior Brand Manager,Commercial,1,0,2019-05-13,1
CON-2029,ACC-1176,David,Bailey,suarezmike@kim.com,VP Marketing,Commercial,0,1,2023-02-14,1
CON-2030,ACC-1059,Cheryl,Archer,contrerasangela@garcia.com,Procurement Director,Commercial,0,0,2015-11-08,1
CON-2031,ACC-1198,Julia,Moore,cassandra53@walters.com,Chief Marketing Officer,Licensing,1,0,2018-08-29,1
CON-2032,ACC-1091,Christopher,Henderson,bradley52@whitney.biz,VP Creative,Creative,1,0,2021-03-15,1
CON-2033,ACC-1197,Ann,Rodriguez,amydavenport@tran.com,Head of Partnerships,Brand,0,1,2021-12-08,1
CON-2034,ACC-1182,Rachel,Flynn,nolanjason@estrada.net,Marketing Director,Licensing,1,0,2022-02-09,1
CON-2035,ACC-1078,Nicole,Russell,sarayoung@cherry.biz,Procurement Director,Procurement,1,1,2019-12-27,1
CON-2036,ACC-1142,Angel,Doyle,kimberly63@moore-haynes.biz,Head of Campaigns,Creative,1,1,2021-03-22,1
CON-2037,ACC-1152,Monica,Garrison,jamessellers@torres-pope.com,Licensing Director,Procurement,0,1,2021-09-15,1
CON-2038,ACC-1199,Jeffrey,Keller,emurphy@bell-hicks.net,VP Commercial,Commercial,0,0,2015-12-13,1
CON-2039,ACC-1043,Mark,Johnson,gregory40@carlson.com,VP Creative,Brand,1,1,2022-09-08,1
CON-2040,ACC-1016,Samuel,Joyce,cruzbarbara@williams-graham.net,VP Creative,Procurement,0,0,2016-11-15,1
CON-2041,ACC-1064,Sara,Ryan,michaeljones@mccall.com,VP Commercial,Licensing,0,0,2017-10-07,1
CON-2042,ACC-1034,Jennifer,Evans,elizabeth56@phillips.biz,Chief Marketing Officer,Creative,1,0,2018-06-01,1
CON-2043,ACC-1084,Erica,Orr,richard04@clark-floyd.org,Procurement Director,Creative,0,0,2019-12-09,0
CON-2044,ACC-1034,Diana,Marshall,glowe@leon-moyer.com,Procurement Director,Commercial,0,1,2018-05-15,1
CON-2045,ACC-1101,Donna,Campbell,clarence34@drake.com,Head of Partnerships,Licensing,0,0,2018-07-31,1
CON-2046,ACC-1062,Brandon,Riggs,gibsonolivia@lee.com,VP Creative,Procurement,0,0,2018-08-27,1
CON-2047,ACC-1144,Dylan,Watts,osbornejeffery@holmes.com,Global Brand Lead,Commercial,1,0,2017-03-29,1
CON-2048,ACC-1186,Stephen,Solis,stephanie79@mcclain.info,VP Commercial,Brand,0,1,2020-03-05,1
CON-2049,ACC-1209,Phyllis,Manning,wcole@larsen.net,Senior Brand Manager,Creative,1,1,2019-08-03,1
CON-2050,ACC-1039,Todd,Allen,sjones@nelson.net,VP Creative,Creative,1,0,2023-01-08,1
CON-2051,ACC-1102,Christopher,Hernandez,tbenson@brown.com,Head of Campaigns,Licensing,0,1,2020-12-28,0
CON-2052,ACC-1179,Amy,Perry,marissaprice@shah.org,Global Brand Lead,Licensing,0,1,2021-01-08,1
CON-2053,ACC-1170,Omar,Smith,kenneth66@adkins.com,Marketing Director,Licensing,0,0,2018-12-25,1
CON-2054,ACC-1165,Tracy,Nelson,vjohnson@shelton.info,Licensing Director,Procurement,0,0,2019-06-25,1
CON-2055,ACC-1066,Samantha,Hooper,meadowsbrittany@johnson.info,Head of Campaigns,Licensing,0,0,2017-06-28,1
CON-2056,ACC-1114,Hunter,Green,jason55@ramirez-bean.biz,VP Creative,Creative,0,0,2019-03-13,1
CON-2057,ACC-1088,Johnny,Miller,currybrett@walker-jones.com,Creative Director,Marketing,1,0,2015-04-11,1
CON-2058,ACC-1212,Karen,Herring,maryhowell@martinez.com,Marketing Director,Procurement,1,0,2023-03-10,1
CON-2059,ACC-1123,Anne,Robinson,katie29@stuart.com,Creative Director,Marketing,0,0,2018-11-27,1
CON-2060,ACC-1076,Tami,Rodriguez,hickmanbarbara@sanders-espinoza.com,Licensing Director,Licensing,1,0,2015-07-03,1
CON-2061,ACC-1173,Brittany,Rivas,curtisbarton@burke.com,Chief Brand Officer,Licensing,1,1,2016-11-04,1
CON-2062,ACC-1143,Michael,Patterson,casey50@short-garcia.com,Creative Director,Brand,0,0,2019-10-13,1
CON-2063,ACC-1168,Cynthia,Poole,ryangross@nelson.info,VP Creative,Marketing,0,0,2019-11-06,1
CON-2064,ACC-1109,Steven,Petersen,marcus31@keith-sanchez.info,Chief Marketing Officer,Licensing,1,1,2019-05-12,1
CON-2065,ACC-1203,Ashley,Barnett,anthony52@lewis-salinas.com,Global Brand Lead,Marketing,0,0,2015-09-14,1
CON-2066,ACC-1050,Joshua,Carlson,angela83@allen.info,VP Marketing,Procurement,0,0,2020-02-18,0
CON-2067,ACC-1080,Angela,Allen,fbrewer@mcguire-davis.com,VP Creative,Commercial,1,1,2021-09-11,1
CON-2068,ACC-1117,Richard,Sanchez,thomas85@barajas-pierce.com,Marketing Director,Licensing,0,1,2021-12-03,1
CON-2069,ACC-1021,Jacqueline,Nelson,jerry35@newton.com,Marketing Director,Procurement,1,1,2022-07-15,1
CON-2070,ACC-1177,James,Rodgers,jenny89@hooper-wall.com,Head of Campaigns,Creative,0,1,2016-08-02,1
CON-2071,ACC-1047,Jeremy,White,ericksondavid@mccann.com,Senior Brand Manager,Commercial,0,0,2020-06-16,0
CON-2072,ACC-1142,Heidi,Martinez,agarcia@mitchell.com,Creative Director,Procurement,1,1,2016-11-14,1
CON-2073,ACC-1013,Johnny,Hensley,shortrichard@ray.com,Chief Marketing Officer,Creative,1,0,2019-01-10,0
CON-2074,ACC-1129,Edward,Shepherd,christopher31@duran.com,Creative Director,Creative,0,0,2022-04-28,1
CON-2075,ACC-1125,Kimberly,James,levans@torres-oliver.org,VP Marketing,Commercial,1,0,2016-11-16,1
CON-2076,ACC-1070,Susan,Garcia,colleenbaker@moore.net,Head of Campaigns,Procurement,1,0,2017-07-09,1
CON-2077,ACC-1196,Charles,Smith,enorris@johnson-roberts.com,Head of Campaigns,Commercial,1,1,2020-07-21,1
CON-2078,ACC-1210,Jacqueline,Gibson,sandrafrench@lawrence.com,Head of Campaigns,Marketing,0,0,2019-02-11,1
CON-2079,ACC-1108,Amy,Holland,margaret10@sparks.org,VP Commercial,Licensing,0,1,2016-02-24,0
CON-2080,ACC-1115,Samantha,Gonzales,sbarker@bender-mason.info,Procurement Director,Marketing,0,0,2017-12-12,1
CON-2081,ACC-1060,Samuel,George,mnavarro@johnson-perez.org,Licensing Director,Licensing,0,0,2017-05-09,1
CON-2082,ACC-1161,Brenda,Smith,barbara27@pearson.org,Marketing Director,Commercial,1,1,2019-10-20,1
CON-2083,ACC-1015,Ryan,Olsen,harrisonricky@santiago-hodge.com,Procurement Director,Commercial,1,0,2021-05-24,1
CON-2084,ACC-1180,Robert,Simpson,jcervantes@gibson.com,Head of Partnerships,Commercial,1,0,2018-04-13,0
CON-2085,ACC-1173,Marcus,Cordova,ahancock@booth.net,Marketing Director,Creative,0,0,2016-01-26,0
CON-2086,ACC-1032,Michael,Avila,nwolf@dunn-pennington.info,Head of Brand Licensing,Brand,1,0,2022-11-13,1
CON-2087,ACC-1194,Nicole,Washington,dudleychelsea@mckinney.net,VP Creative,Creative,1,0,2022-08-01,1
CON-2088,ACC-1096,Alexander,Russell,victoriadurham@valentine-holland.com,VP Marketing,Licensing,0,0,2020-01-26,1
CON-2089,ACC-1191,Tyrone,Moran,robert77@bryant.biz,VP Commercial,Procurement,0,0,2018-02-13,1
CON-2090,ACC-1198,James,Greene,michellehill@morgan-french.com,VP Marketing,Licensing,0,0,2023-03-21,1
CON-2091,ACC-1217,Lori,Campbell,mary97@griffin.com,Licensing Director,Commercial,1,0,2015-09-17,1
CON-2092,ACC-1126,Martin,Hines,ugibson@pollard.org,Procurement Director,Procurement,1,0,2018-01-04,1
CON-2093,ACC-1124,Patrick,Chase,vwilliams@thornton-shepherd.biz,Chief Brand Officer,Licensing,0,1,2018-11-08,1
CON-2094,ACC-1214,Vanessa,Sparks,tylerjohnson@sanford.info,Chief Marketing Officer,Marketing,0,1,2020-02-26,1
CON-2095,ACC-1109,Cory,Lozano,bowenrobert@booker.com,VP Commercial,Brand,0,1,2017-04-08,0
CON-2096,ACC-1070,Matthew,Schwartz,christianmelissa@james.info,Senior Brand Manager,Procurement,1,0,2016-01-18,0
CON-2097,ACC-1042,Monique,Johnson,younggabrielle@bright-francis.biz,VP Creative,Licensing,1,0,2015-08-01,1
CON-2098,ACC-1167,Tiffany,Hodges,wallaceheather@williams.com,VP Commercial,Marketing,1,0,2016-01-09,1
CON-2099,ACC-1057,Michael,Jordan,amandaknight@jackson.org,Senior Brand Manager,Creative,1,0,2020-10-28,1
CON-2100,ACC-1108,Monica,Harvey,tyleraguilar@murray.info,Marketing Director,Creative,1,0,2022-10-13,1
CON-2101,ACC-1026,Jonathan,Smith,rsantana@moore.org,Procurement Director,Procurement,0,1,2016-02-27,1
CON-2102,ACC-1192,Kevin,Hayden,stephen43@castaneda-rodriguez.biz,Senior Brand Manager,Licensing,1,0,2016-06-29,1
CON-2103,ACC-1166,Ashley,Andrews,andrew64@knight.com,Creative Director,Procurement,0,0,2016-11-03,1
CON-2104,ACC-1105,Renee,Mcgee,kimberly39@robinson-lee.com,Senior Brand Manager,Creative,0,1,2021-11-28,1
CON-2105,ACC-1192,Erica,Le,courtneyberger@williams.com,Global Brand Lead,Licensing,1,0,2016-05-19,1
CON-2106,ACC-1035,Jessica,Davis,mark62@anderson.com,Head of Partnerships,Licensing,1,0,2017-10-11,1
CON-2107,ACC-1155,Alyssa,Mcintyre,jonathansummers@coffey-phillips.com,Licensing Director,Licensing,1,0,2018-03-13,0
CON-2108,ACC-1052,Linda,Mcdonald,taylortammy@ramsey.net,Global Brand Lead,Commercial,1,0,2020-10-21,1
CON-2109,ACC-1200,Michael,Gibbs,bakerdavid@chambers-chambers.org,Creative Director,Creative,1,0,2017-09-07,1
CON-2110,ACC-1135,Parker,Little,daniel37@harvey.com,Procurement Director,Procurement,1,0,2015-02-19,1
CON-2111,ACC-1093,Rose,Walker,reidsteven@turner.com,Senior Brand Manager,Brand,0,0,2021-02-15,1
CON-2112,ACC-1004,Kevin,Vasquez,youngamanda@chavez-santiago.net,VP Marketing,Marketing,1,1,2021-08-02,1
CON-2113,ACC-1202,Robert,Newton,nicolepena@gilbert-crosby.com,Head of Campaigns,Procurement,0,0,2019-06-19,1
CON-2114,ACC-1179,Antonio,Wood,pwallace@garcia-jennings.net,VP Marketing,Licensing,0,0,2019-07-06,1
CON-2115,ACC-1079,Rachel,Newman,sandersjames@rush.com,Head of Campaigns,Brand,0,1,2015-11-20,1
CON-2116,ACC-1150,Elizabeth,May,williamsmatthew@buchanan.com,Licensing Director,Licensing,0,1,2022-02-11,1
CON-2117,ACC-1186,Maria,Spencer,lisahall@kramer.com,Chief Marketing Officer,Brand,1,0,2017-09-04,1
CON-2118,ACC-1155,Joshua,Riggs,amberlindsey@guerrero.com,Head of Partnerships,Licensing,0,0,2015-08-14,1
CON-2119,ACC-1181,Alexis,Tyler,briannasmith@williams-harmon.net,VP Commercial,Marketing,1,0,2016-07-16,1
CON-2120,ACC-1200,Daniel,Brown,gstrickland@rodriguez.com,Head of Partnerships,Brand,1,0,2023-01-31,0
CON-2121,ACC-1187,Jessica,Kerr,stephen00@boone-simmons.com,Licensing Director,Marketing,1,0,2016-04-28,1
CON-2122,ACC-1067,Tracy,Browning,lammarc@jones.org,Global Brand Lead,Licensing,1,0,2022-12-27,1
CON-2123,ACC-1127,Cynthia,Kelley,oscar98@chavez-jacobs.com,Marketing Director,Procurement,1,0,2021-05-10,0
CON-2124,ACC-1172,Laura,Wilson,russellbeasley@morgan-chavez.biz,VP Marketing,Brand,0,1,2023-02-08,0
CON-2125,ACC-1003,Jessica,Edwards,elizabeth52@leblanc.com,Chief Marketing Officer,Creative,1,0,2017-09-28,1
CON-2126,ACC-1219,Ryan,Garner,lisa80@frye.biz,Head of Campaigns,Licensing,0,0,2015-05-25,1
CON-2127,ACC-1106,Michael,Ortega,uparrish@schmitt.com,Procurement Director,Procurement,0,0,2023-01-29,1
CON-2128,ACC-1172,Michael,Lane,ericolson@bell.com,Marketing Director,Brand,0,0,2015-08-04,0
CON-2129,ACC-1017,Danny,Ramirez,lindsaybruce@austin.com,Head of Brand Licensing,Procurement,0,1,2020-03-20,1
CON-2130,ACC-1116,Anthony,Nelson,sandra50@kane.biz,Procurement Director,Brand,1,0,2015-02-02,1
CON-2131,ACC-1062,Chad,Figueroa,davisalyssa@barnes-peterson.com,Procurement Director,Commercial,0,0,2020-03-15,1
CON-2132,ACC-1187,Larry,Nguyen,wareeric@williams.biz,Licensing Director,Brand,1,0,2021-02-16,1
CON-2133,ACC-1138,Todd,Ramos,jason81@jordan-campbell.org,Senior Brand Manager,Licensing,0,0,2018-11-19,1
CON-2134,ACC-1168,Tommy,Estrada,walkertracey@smith.com,Head of Brand Licensing,Licensing,0,1,2019-03-22,1
CON-2135,ACC-1060,Katrina,Duran,mark07@jordan.com,Creative Director,Marketing,0,1,2019-09-16,1
CON-2136,ACC-1011,Vincent,Whitaker,charles06@stevens.com,Chief Brand Officer,Commercial,0,0,2017-08-06,1
CON-2137,ACC-1191,Barbara,Berry,zroberts@burch.org,Global Brand Lead,Marketing,0,0,2015-12-14,1
CON-2138,ACC-1151,Steve,Norris,christopher13@chapman-warren.biz,Chief Marketing Officer,Creative,0,1,2021-05-14,1
CON-2139,ACC-1217,Monica,Reese,masonjackson@schultz.com,Chief Brand Officer,Creative,0,0,2018-07-14,1
CON-2140,ACC-1069,Michael,Mullen,joelthomas@thompson.com,VP Marketing,Brand,1,0,2017-08-14,1
CON-2141,ACC-1027,Gregory,Mejia,kmarshall@cole.org,Creative Director,Creative,1,1,2016-11-04,1
CON-2142,ACC-1197,Marcus,Maddox,edward17@welch-hogan.org,Creative Director,Procurement,0,0,2017-04-30,1
CON-2143,ACC-1206,Brian,Romero,steven00@decker-jones.com,Head of Partnerships,Licensing,0,1,2022-09-11,1
CON-2144,ACC-1083,Christina,Hunter,ycarpenter@huang.com,VP Marketing,Licensing,1,0,2016-08-30,1
CON-2145,ACC-1173,Marc,Alvarez,susanhayes@haas-miller.com,Head of Partnerships,Brand,1,0,2018-05-09,1
CON-2146,ACC-1191,Benjamin,Zimmerman,nwarren@cox.biz,Brand Manager,Marketing,0,0,2021-03-03,1
CON-2147,ACC-1003,Riley,Morgan,mccormickdeborah@rivera.biz,Head of Brand Licensing,Brand,1,0,2015-09-10,1
CON-2148,ACC-1161,Justin,Cummings,mathewaguilar@rangel.biz,VP Marketing,Commercial,0,0,2022-03-25,1
CON-2149,ACC-1016,David,Fletcher,collinsnicholas@li-santiago.net,Chief Brand Officer,Licensing,0,1,2017-03-20,0
CON-2150,ACC-1212,Clarence,Santiago,andrew42@peterson.com,VP Marketing,Marketing,0,1,2018-09-20,0
CON-2151,ACC-1110,Jeremy,Taylor,phillipskristin@wise.com,VP Creative,Creative,1,0,2023-02-15,1
CON-2152,ACC-1054,Ebony,Walter,carlamoore@guerra.com,Head of Partnerships,Procurement,0,1,2017-02-05,1
CON-2153,ACC-1157,Jennifer,Williams,erica37@mitchell.net,Senior Brand Manager,Procurement,0,0,2017-10-03,1
CON-2154,ACC-1022,John,Sheppard,mmckee@gregory-hudson.info,VP Creative,Brand,0,0,2018-02-19,1
CON-2155,ACC-1063,Steven,Campbell,ashaw@montoya.com,Licensing Director,Commercial,0,0,2022-01-27,1
CON-2156,ACC-1091,Monique,Williams,jsawyer@dawson.com,Head of Campaigns,Creative,1,0,2020-05-18,1
CON-2157,ACC-1069,Justin,Hines,shannon82@davis-lozano.info,Chief Marketing Officer,Procurement,0,1,2017-01-06,1
CON-2158,ACC-1071,Nicole,Arias,gbrown@young-vang.com,Licensing Director,Creative,0,0,2015-08-28,0
CON-2159,ACC-1040,Jeffrey,Flores,combsdebra@taylor.info,Brand Manager,Licensing,1,0,2016-02-15,1
CON-2160,ACC-1188,Heather,Taylor,awest@smith.com,Licensing Director,Brand,0,0,2015-08-18,1
CON-2161,ACC-1214,Ana,Acosta,srodriguez@turner.com,Marketing Director,Brand,0,0,2016-12-12,1
CON-2162,ACC-1151,Robert,Bauer,fbrown@herrera.com,VP Commercial,Licensing,1,0,2015-04-26,1
CON-2163,ACC-1048,Kelly,Smith,john62@barnett.net,Head of Campaigns,Procurement,1,1,2020-07-09,1
CON-2164,ACC-1154,Amy,Hartman,myerstheodore@hughes.com,Chief Marketing Officer,Commercial,0,1,2017-06-15,1
CON-2165,ACC-1206,Kristina,Cooper,ingramjill@anderson-bell.com,Procurement Director,Licensing,1,0,2016-06-18,0
CON-2166,ACC-1015,Lisa,Thompson,epollard@white.info,Marketing Director,Commercial,0,1,2015-03-31,1
CON-2167,ACC-1134,Benjamin,Harris,ninastewart@robertson-hays.net,VP Marketing,Procurement,0,0,2019-02-03,1
CON-2168,ACC-1086,Thomas,Johnson,justinatkins@glenn.com,Procurement Director,Brand,0,0,2018-05-21,1
CON-2169,ACC-1163,David,Richardson,ypaul@beltran-crawford.info,Senior Brand Manager,Procurement,1,0,2020-06-18,1
CON-2170,ACC-1157,Michael,Salinas,laurie61@morrison-short.net,Brand Manager,Licensing,0,1,2019-01-01,1
CON-2171,ACC-1176,Kelly,Garcia,donna47@robbins.info,Marketing Director,Brand,0,0,2018-04-21,0
CON-2172,ACC-1100,Bobby,Berg,christina64@whitney.biz,Chief Marketing Officer,Brand,0,0,2021-05-13,0
CON-2173,ACC-1056,Michael,Owen,stephaniethomas@gregory.com,Global Brand Lead,Marketing,0,1,2022-03-04,1
CON-2174,ACC-1060,Kimberly,Diaz,cherring@hernandez.info,Procurement Director,Brand,0,0,2018-11-21,1
CON-2175,ACC-1171,Kathryn,Berry,raymond43@johnson.info,VP Commercial,Procurement,0,1,2022-03-02,1
CON-2176,ACC-1017,April,Mcintyre,greenjorge@lewis-carr.info,Head of Partnerships,Marketing,0,1,2018-12-06,1
CON-2177,ACC-1107,James,Taylor,hayesrachel@osborn-cochran.com,Chief Brand Officer,Creative,0,0,2016-11-12,1
CON-2178,ACC-1025,Elizabeth,Mckinney,patricia22@hicks-martinez.com,Licensing Director,Commercial,0,0,2020-05-17,1
CON-2179,ACC-1018,Laura,Young,jjohnson@wood.org,Head of Partnerships,Marketing,1,0,2015-05-17,1
CON-2180,ACC-1043,Nicole,Jones,ukey@fox-hammond.org,Marketing Director,Licensing,1,0,2019-03-18,0
CON-2181,ACC-1086,Charles,Compton,coleerin@anderson-calderon.net,Global Brand Lead,Creative,0,0,2021-08-30,1
CON-2182,ACC-1155,Danielle,White,ryanbartlett@guerra.com,Marketing Director,Marketing,1,1,2019-11-14,1
CON-2183,ACC-1178,Kevin,Martin,michaeleverett@singleton-king.net,VP Commercial,Licensing,0,0,2021-03-19,1
CON-2184,ACC-1024,Joshua,Weber,shawgary@moore.org,VP Creative,Commercial,0,0,2015-07-23,1
CON-2185,ACC-1000,Matthew,Bradshaw,bryananthony@fry.com,VP Marketing,Procurement,0,0,2019-10-18,1
CON-2186,ACC-1024,Debra,Wang,bmontgomery@small-gardner.com,Brand Manager,Brand,0,0,2015-04-16,1
CON-2187,ACC-1029,Timothy,Ballard,eevans@brown.com,Licensing Director,Creative,0,0,2018-06-17,1
CON-2188,ACC-1164,Matthew,Thomas,jessica56@hodges.net,VP Creative,Brand,1,0,2021-02-06,1
CON-2189,ACC-1011,Daniel,Allen,adamsjohn@williams.org,Creative Director,Creative,1,0,2017-12-14,1
CON-2190,ACC-1038,Robert,Estes,lisapeck@edwards.net,VP Commercial,Licensing,1,0,2023-06-09,1
CON-2191,ACC-1105,Steven,Koch,zjohnson@bryant.com,Global Brand Lead,Brand,0,0,2023-06-26,1
CON-2192,ACC-1107,Brent,Simpson,amitchell@jordan.com,Senior Brand Manager,Creative,0,1,2021-01-02,1
CON-2193,ACC-1101,Kathryn,Diaz,jwilliams@cox.com,Chief Marketing Officer,Commercial,0,0,2023-01-04,1
CON-2194,ACC-1158,Paul,Cole,marcia99@anderson.biz,VP Marketing,Creative,1,0,2016-08-26,0
CON-2195,ACC-1206,Nathaniel,Hatfield,kari39@morales.com,Marketing Director,Marketing,0,0,2017-02-28,1
CON-2196,ACC-1210,Linda,Stone,catherinerobertson@velazquez-flores.biz,Marketing Director,Commercial,1,0,2022-01-13,0
CON-2197,ACC-1017,Vicki,Stevenson,brittney88@burns.com,VP Creative,Commercial,1,1,2015-12-23,1
CON-2198,ACC-1117,Micheal,Nunez,ysilva@wiggins.com,Licensing Director,Licensing,0,0,2015-02-20,1
CON-2199,ACC-1106,Tammy,Patton,jennifersilva@warren.org,Marketing Director,Commercial,0,0,2016-09-04,0
CON-2200,ACC-1027,Kim,James,anthonyvaughan@lee.com,Licensing Director,Marketing,0,0,2021-04-23,0
CON-2201,ACC-1105,Robert,Gutierrez,roberthampton@salas-fitzgerald.com,VP Creative,Licensing,0,0,2017-12-17,1
CON-2202,ACC-1070,Janice,Stone,whitney78@edwards-thompson.net,Marketing Director,Commercial,0,0,2019-07-09,1
CON-2203,ACC-1084,Matthew,Gomez,chelsea33@grant-walker.com,Brand Manager,Marketing,0,0,2022-09-29,0
CON-2204,ACC-1005,Kellie,Bush,wstewart@peck.com,Head of Brand Licensing,Procurement,1,0,2018-10-15,0
CON-2205,ACC-1175,Ashley,Daniels,xcardenas@roberts.com,Head of Brand Licensing,Brand,1,0,2016-02-07,1
CON-2206,ACC-1211,Michael,Ramos,julie33@nelson.com,Head of Partnerships,Licensing,0,0,2018-08-07,1
CON-2207,ACC-1054,Christina,Matthews,brentstein@little.com,VP Commercial,Creative,0,0,2019-07-26,1
CON-2208,ACC-1131,Robert,Love,maldonadoderrick@spence.info,VP Marketing,Procurement,0,0,2016-10-13,1
CON-2209,ACC-1134,Thomas,Gonzalez,manuel01@andrews.com,Chief Marketing Officer,Brand,1,0,2021-05-18,1
CON-2210,ACC-1063,Robin,Thompson,sarahjohnson@french-lopez.com,Creative Director,Marketing,0,0,2015-05-16,1
CON-2211,ACC-1210,Nancy,Smith,hebertmatthew@hays-daniels.info,Head of Campaigns,Creative,0,1,2020-03-16,1
CON-2212,ACC-1095,Pamela,Anderson,znelson@rivera.info,Global Brand Lead,Creative,1,0,2020-06-25,1
CON-2213,ACC-1089,Deborah,Higgins,doylekrystal@craig.biz,Marketing Director,Procurement,0,0,2018-11-11,1
CON-2214,ACC-1098,Margaret,Robertson,moralescody@woods.com,Marketing Director,Commercial,0,1,2015-07-23,1
CON-2215,ACC-1057,Jose,Young,stephanie49@berry.com,Brand Manager,Procurement,0,0,2022-08-07,0
CON-2216,ACC-1196,Bryan,Wilson,erik84@wilson.org,Chief Marketing Officer,Creative,0,0,2022-08-26,1
CON-2217,ACC-1002,Jeffrey,Bernard,vhernandez@brooks.net,Head of Partnerships,Commercial,0,1,2017-07-05,0
CON-2218,ACC-1164,Laurie,Petersen,erinlarson@fox.com,VP Creative,Creative,0,0,2018-02-01,1
CON-2219,ACC-1077,Christian,Elliott,poolerebecca@armstrong.com,Head of Campaigns,Commercial,1,1,2022-08-05,1
CON-2220,ACC-1169,Mark,Meyer,frazierjennifer@davis-dixon.com,Head of Campaigns,Licensing,0,1,2019-03-13,1
CON-2221,ACC-1123,Shawn,Palmer,jelliott@chambers-parker.com,Procurement Director,Procurement,0,0,2015-09-19,1
CON-2222,ACC-1182,Randy,Velasquez,bethwilliams@graves-weaver.com,Head of Partnerships,Brand,1,0,2022-04-22,0
CON-2223,ACC-1206,Sarah,Jones,ajohnson@mack.biz,VP Creative,Licensing,1,1,2021-09-23,1
CON-2224,ACC-1127,Nicholas,Vance,ykane@miller-brandt.net,Head of Partnerships,Creative,0,0,2018-04-25,1
CON-2225,ACC-1146,Dean,Dalton,whiteamanda@anderson.com,Procurement Director,Licensing,0,0,2017-02-16,1
CON-2226,ACC-1121,Tiffany,Ford,opatel@murray.com,Procurement Director,Commercial,1,1,2022-07-14,1
CON-2227,ACC-1142,Jacob,Golden,johnsondonna@miranda.com,Head of Partnerships,Marketing,0,0,2017-01-11,1
CON-2228,ACC-1143,Carlos,Wheeler,tharper@sanchez.biz,Senior Brand Manager,Procurement,0,1,2017-01-19,1
CON-2229,ACC-1078,Scott,Fernandez,taylorvictoria@cabrera.org,Licensing Director,Procurement,1,0,2019-09-19,1
CON-2230,ACC-1030,Luis,Harper,joel28@gutierrez.com,Chief Marketing Officer,Licensing,0,0,2020-04-11,1
CON-2231,ACC-1049,Angela,Vargas,conniesimmons@williams-cooper.biz,VP Marketing,Licensing,1,1,2020-08-11,1
CON-2232,ACC-1218,Kristi,Flores,trussell@white-medina.com,Marketing Director,Brand,1,0,2016-09-09,0
CON-2233,ACC-1117,Melissa,Turner,lindamelendez@gutierrez.biz,Procurement Director,Licensing,1,1,2016-08-09,1
CON-2234,ACC-1045,John,Harris,nielsenmelanie@nichols.com,Senior Brand Manager,Marketing,1,1,2018-07-07,1
CON-2235,ACC-1043,Joseph,Nunez,russojacob@ramsey.com,Licensing Director,Brand,0,0,2021-06-18,1
CON-2236,ACC-1157,Kevin,Stout,sharonhayden@burgess.com,Senior Brand Manager,Creative,0,0,2019-11-12,1
CON-2237,ACC-1009,Heather,Padilla,jherman@rowe-james.net,Brand Manager,Licensing,1,1,2020-12-26,1
CON-2238,ACC-1213,Deborah,Parker,william77@lang.info,Brand Manager,Marketing,0,0,2020-12-15,1
CON-2239,ACC-1177,Kathleen,Flores,nathangutierrez@shields.net,Head of Partnerships,Brand,1,0,2018-11-11,1
CON-2240,ACC-1016,Sarah,Riley,mphillips@hall-hudson.com,Head of Partnerships,Procurement,0,0,2015-07-07,1
CON-2241,ACC-1111,Victor,Pena,jonathan77@jackson-norton.com,Marketing Director,Procurement,0,0,2022-09-14,1
CON-2242,ACC-1042,Donald,Payne,sabrinaweaver@bernard.com,Chief Marketing Officer,Brand,1,0,2019-07-11,1
CON-2243,ACC-1005,Sierra,Barnett,gutierrezmegan@jones.com,Head of Campaigns,Brand,1,0,2021-08-12,1
CON-2244,ACC-1096,Jeffery,Bryant,williamsonelizabeth@durham.net,Head of Partnerships,Commercial,0,0,2022-03-07,1
CON-2245,ACC-1027,Andrea,Smith,amanda40@li.com,Head of Brand Licensing,Marketing,1,1,2022-05-01,1
CON-2246,ACC-1031,Daniel,Davis,johnharvey@ochoa-adams.biz,Head of Partnerships,Creative,0,1,2021-02-19,1
CON-2247,ACC-1002,Christian,Chung,scunningham@evans.com,VP Creative,Licensing,1,0,2018-05-18,1
CON-2248,ACC-1179,Clayton,Gray,abrown@jackson.com,VP Creative,Marketing,0,0,2016-07-15,1
CON-2249,ACC-1200,Ariel,Hodge,jacobsonsamantha@lewis.org,Creative Director,Brand,0,0,2016-03-11,1
CON-2250,ACC-1051,Thomas,Williams,cohenjuan@elliott.com,VP Commercial,Creative,1,1,2019-01-06,1
CON-2251,ACC-1053,Alexis,Clark,karenmarquez@hickman-evans.org,Chief Brand Officer,Creative,1,1,2022-09-19,1
CON-2252,ACC-1028,John,Davenport,irhodes@reyes-singh.com,Senior Brand Manager,Creative,1,1,2021-06-09,1
CON-2253,ACC-1185,Vincent,Mccann,davisjesse@peterson.org,VP Marketing,Procurement,0,0,2023-02-11,0
CON-2254,ACC-1067,Randy,Ayala,walterskristen@henry-kelly.biz,Chief Marketing Officer,Marketing,0,0,2020-03-16,0
CON-2255,ACC-1092,Ryan,Frazier,nmiller@yates-marquez.com,Procurement Director,Creative,0,1,2022-08-04,1
CON-2256,ACC-1011,Joseph,James,jodistewart@davis.info,Head of Brand Licensing,Brand,0,1,2015-02-09,1
CON-2257,ACC-1112,Michael,Nelson,christopherjordan@peters.com,Head of Partnerships,Licensing,1,0,2021-12-21,1
CON-2258,ACC-1102,Angela,Carlson,michelle04@hughes-miller.net,Creative Director,Procurement,0,0,2019-06-28,1
CON-2259,ACC-1107,Rebecca,Spence,ginajackson@turner-snyder.com,Chief Brand Officer,Brand,1,0,2022-04-11,1
CON-2260,ACC-1216,Gary,Hill,todd15@raymond-le.info,VP Marketing,Creative,0,0,2016-10-14,1
CON-2261,ACC-1112,Brittney,Gonzalez,tayloradam@cook-oliver.com,Global Brand Lead,Creative,0,0,2017-01-12,0
CON-2262,ACC-1214,Scott,Jordan,kevinmorrison@harris.com,Chief Brand Officer,Brand,0,0,2023-02-26,0
CON-2263,ACC-1112,Kelly,Neal,yfaulkner@nguyen.biz,VP Marketing,Procurement,0,1,2015-07-08,0
CON-2264,ACC-1134,Michael,Frederick,brittanygardner@saunders.com,Global Brand Lead,Licensing,0,0,2023-05-04,1
CON-2265,ACC-1086,Samuel,Carter,fuenteslaura@chambers-taylor.com,Head of Campaigns,Licensing,0,1,2020-10-27,1
CON-2266,ACC-1063,John,Hopkins,emccormick@ewing-mendoza.biz,Procurement Director,Licensing,0,0,2020-05-27,1
CON-2267,ACC-1142,Amanda,Mclean,ystephens@miles-burnett.org,Chief Marketing Officer,Marketing,0,1,2021-11-15,1
CON-2268,ACC-1218,Danielle,Miller,dianekelly@salazar.biz,Head of Brand Licensing,Brand,1,0,2020-07-23,1
CON-2269,ACC-1071,Tammy,Rivera,grodriguez@walker-burgess.net,Head of Campaigns,Brand,0,0,2015-07-26,1
CON-2270,ACC-1020,Beverly,Johnston,dbrooks@chapman.com,Creative Director,Commercial,0,0,2020-02-24,1
CON-2271,ACC-1030,Timothy,Phillips,wilsonshelia@bailey.info,VP Commercial,Licensing,1,0,2020-07-30,1
CON-2272,ACC-1140,Kristen,Boyd,thomas77@jones-williams.com,Head of Brand Licensing,Marketing,0,0,2015-01-01,1
CON-2273,ACC-1130,Andrew,Cooper,byrdfrank@sanchez.net,Brand Manager,Licensing,0,0,2021-04-22,1
CON-2274,ACC-1013,Ronald,Murray,lsoto@sandoval.com,Head of Brand Licensing,Creative,1,0,2017-07-02,1
CON-2275,ACC-1183,Shannon,Jordan,bushjamie@stokes.net,Procurement Director,Licensing,0,1,2022-05-15,1
CON-2276,ACC-1000,Jacob,Nguyen,qwilson@rose-fowler.org,Procurement Director,Licensing,0,1,2018-10-30,1
CON-2277,ACC-1179,Paul,Long,baileymegan@thompson.org,Chief Marketing Officer,Brand,0,0,2016-03-11,1
CON-2278,ACC-1104,Brittany,Powers,david41@brooks.net,Head of Partnerships,Commercial,1,1,2016-03-14,0
CON-2279,ACC-1055,Paul,Carlson,fhenderson@medina.com,Head of Brand Licensing,Brand,0,1,2020-02-16,1
CON-2280,ACC-1162,Angela,Burns,jacobwilkinson@brown.com,Global Brand Lead,Marketing,0,0,2022-07-16,1
CON-2281,ACC-1129,James,Cruz,fortiz@mckinney-wallace.com,Creative Director,Marketing,0,1,2016-07-05,0
CON-2282,ACC-1214,Christopher,Johnson,kellyhill@roberts.info,Creative Director,Commercial,0,0,2021-07-24,1
CON-2283,ACC-1044,Andrea,Wilson,adamsamy@weaver-sherman.info,Head of Brand Licensing,Brand,1,0,2023-03-12,1
CON-2284,ACC-1082,Amy,Fritz,fitzgeralddesiree@evans.info,Chief Brand Officer,Creative,0,0,2020-08-26,1
CON-2285,ACC-1063,Jose,Atkins,gonzalesvictoria@clark.org,VP Creative,Procurement,0,0,2018-01-25,1
CON-2286,ACC-1105,Hannah,Callahan,imartin@li.org,VP Commercial,Licensing,0,0,2021-10-03,1
CON-2287,ACC-1080,Michael,Campbell,mariopadilla@armstrong-farley.net,VP Commercial,Commercial,0,1,2022-12-25,1
CON-2288,ACC-1074,Tricia,Shelton,taylorkaren@sellers-riddle.com,Procurement Director,Licensing,1,0,2022-09-13,0
CON-2289,ACC-1045,Jacqueline,Anderson,jenniferpoole@long.biz,Head of Campaigns,Licensing,0,0,2020-08-25,1
CON-2290,ACC-1143,Nicholas,Jones,powellkara@mayer.com,Global Brand Lead,Commercial,0,0,2020-05-21,1
CON-2291,ACC-1215,Brandi,Melton,simonstephen@terry.biz,Head of Partnerships,Creative,0,0,2020-12-26,1
CON-2292,ACC-1037,Jeffery,Jordan,troymorris@morgan-lane.org,Senior Brand Manager,Marketing,1,0,2015-08-06,1
CON-2293,ACC-1073,Melissa,Kramer,williamsconnie@smith-noble.com,Head of Partnerships,Brand,0,0,2022-08-31,1
CON-2294,ACC-1192,Scott,Smith,sharris@khan.com,Chief Marketing Officer,Procurement,0,1,2021-01-25,0
CON-2295,ACC-1189,Nancy,Mcdowell,penajohn@beck-banks.com,Head of Brand Licensing,Brand,0,0,2021-04-20,1
CON-2296,ACC-1200,Randy,Torres,rubendavis@smith.com,Head of Partnerships,Licensing,0,0,2022-10-22,1
CON-2297,ACC-1201,David,Perez,ssmith@montoya-mcneil.biz,Procurement Director,Commercial,1,0,2022-09-07,1
CON-2298,ACC-1199,Heather,Woods,patrickcross@garcia.com,Head of Brand Licensing,Brand,0,0,2019-12-20,1
CON-2299,ACC-1193,Derrick,Ayala,darlenebyrd@moreno.org,Head of Campaigns,Licensing,0,0,2021-08-07,0
CON-2300,ACC-1075,Debra,Alexander,courtneyhernandez@jensen-ramos.com,Marketing Director,Licensing,1,0,2020-01-13,1
CON-2301,ACC-1030,Christopher,Garcia,lawrencepatrick@edwards-taylor.com,Chief Marketing Officer,Creative,1,1,2019-03-26,1
CON-2302,ACC-1216,Deanna,Wright,kimberly04@holmes.com,Chief Marketing Officer,Procurement,0,0,2017-11-10,1
CON-2303,ACC-1082,Julie,Phillips,bowerslaura@simpson.com,Chief Marketing Officer,Licensing,0,0,2021-09-10,1
CON-2304,ACC-1146,Victor,Wheeler,hatfieldsarah@hughes.biz,Procurement Director,Marketing,0,1,2021-03-03,1
CON-2305,ACC-1047,Michael,Vega,xbest@smith.com,VP Marketing,Commercial,1,0,2020-11-02,1
CON-2306,ACC-1089,Jose,Williams,fryraymond@fuller-mason.biz,Chief Brand Officer,Brand,0,1,2017-06-25,1
CON-2307,ACC-1192,Rodney,Morales,joshuacollins@mccall.com,Head of Campaigns,Creative,0,0,2021-12-07,0
CON-2308,ACC-1002,Peter,Walters,collinssamuel@brown.biz,Senior Brand Manager,Procurement,0,0,2016-04-14,1
CON-2309,ACC-1159,Darren,Salazar,parkerjudith@thompson.com,Chief Marketing Officer,Licensing,0,0,2017-09-25,1
CON-2310,ACC-1029,Frank,Benton,gary24@tanner.biz,Head of Partnerships,Commercial,0,1,2019-04-30,1
CON-2311,ACC-1197,Joseph,Brown,crawfordwilliam@porter.com,Head of Campaigns,Commercial,0,1,2019-03-16,0
CON-2312,ACC-1049,Michael,Scott,shannonemily@perez.com,Head of Campaigns,Marketing,0,1,2018-08-05,0
CON-2313,ACC-1137,Bradley,Roy,brandoncox@white.net,Chief Marketing Officer,Licensing,1,0,2020-12-24,1
CON-2314,ACC-1175,Linda,Klein,pwalker@moon-flores.com,Head of Brand Licensing,Marketing,1,0,2019-10-04,0
CON-2315,ACC-1189,Ashley,Wilson,whitelinda@finley.info,Senior Brand Manager,Marketing,0,1,2019-11-18,1
CON-2316,ACC-1084,Michelle,Ayala,mark87@wood.org,VP Marketing,Marketing,1,0,2015-06-05,1
CON-2317,ACC-1147,Kristen,Stevenson,stevenvargas@cuevas-parsons.net,Chief Brand Officer,Procurement,0,0,2017-07-21,1
CON-2318,ACC-1080,Kathleen,Sanchez,randolphandrew@reed.com,VP Creative,Licensing,1,1,2015-03-11,1
CON-2319,ACC-1016,Aaron,Sandoval,dalton83@vasquez-brown.com,VP Commercial,Commercial,1,0,2023-06-24,1
CON-2320,ACC-1128,Jennifer,Davis,phyllismeyer@huang.org,Head of Partnerships,Licensing,1,1,2016-03-10,1
CON-2321,ACC-1112,Cody,Anderson,kjones@graham.com,VP Creative,Licensing,1,1,2019-04-12,1
CON-2322,ACC-1191,Kelly,Rosales,vhaynes@stewart-nelson.com,Licensing Director,Commercial,1,0,2019-05-21,1
CON-2323,ACC-1203,Sherry,Taylor,moorefrank@edwards-martinez.com,Senior Brand Manager,Procurement,0,1,2023-03-07,0
CON-2324,ACC-1036,Tami,Clark,steven11@aguirre.org,Chief Marketing Officer,Marketing,0,0,2016-05-19,1
CON-2325,ACC-1021,Billy,Huff,eddie35@palmer-byrd.com,Brand Manager,Licensing,0,0,2018-06-02,1
CON-2326,ACC-1165,Lori,Thompson,jbond@pierce.com,Marketing Director,Brand,1,0,2020-09-30,1
CON-2327,ACC-1029,David,Brown,davidcolon@parks-pace.com,Senior Brand Manager,Commercial,0,0,2017-01-12,0
CON-2328,ACC-1140,Brandi,Green,johnsoncaleb@ramos.com,Senior Brand Manager,Commercial,1,0,2020-03-04,1
CON-2329,ACC-1050,David,Dunlap,jacksonaudrey@foster.com,Global Brand Lead,Creative,0,0,2023-02-20,1
CON-2330,ACC-1060,Michael,Odonnell,joshua20@harvey.biz,Head of Partnerships,Commercial,1,1,2016-02-14,1
CON-2331,ACC-1084,Nicole,Mendoza,ramirezderrick@day.com,Senior Brand Manager,Procurement,0,1,2021-11-29,1
CON-2332,ACC-1206,Crystal,Pham,mayokimberly@castillo-harrington.com,VP Creative,Brand,1,1,2018-07-19,1
CON-2333,ACC-1189,Roberta,Shaw,bnelson@harper-johnson.com,VP Creative,Procurement,0,1,2022-03-09,1
CON-2334,ACC-1122,Brian,Frey,katie32@wright.com,Creative Director,Procurement,0,0,2020-03-10,1
CON-2335,ACC-1165,Amanda,Moody,gallagherstacie@bradford.com,VP Marketing,Procurement,0,1,2021-10-20,1
CON-2336,ACC-1067,Gregory,Watkins,robin05@elliott.info,Chief Brand Officer,Licensing,1,1,2023-03-24,1
CON-2337,ACC-1129,Amber,Thompson,davisjesse@smith.com,Chief Marketing Officer,Commercial,0,0,2022-01-31,1
CON-2338,ACC-1009,Martin,Mendez,matthewthompson@brown-hernandez.com,Head of Partnerships,Commercial,0,0,2021-03-09,1
CON-2339,ACC-1038,Kim,Mathis,susan56@garcia.com,VP Creative,Brand,0,0,2019-02-07,0
CON-2340,ACC-1034,Jessica,Kim,lbanks@novak.com,Head of Campaigns,Commercial,1,0,2020-03-18,1
CON-2341,ACC-1061,Jeffrey,Chapman,nicholasgross@anderson-daniel.org,Senior Brand Manager,Brand,0,1,2021-11-20,1
CON-2342,ACC-1144,Peter,Gamble,whitelucas@walker.com,Senior Brand Manager,Brand,0,0,2021-05-06,1
CON-2343,ACC-1056,Mark,Miller,toni21@santiago.com,Brand Manager,Marketing,1,1,2020-06-20,1
CON-2344,ACC-1132,Joseph,Wright,bellkristin@smith.com,VP Creative,Creative,0,0,2019-01-19,1
CON-2345,ACC-1166,Nicole,Snyder,ybell@poole.com,VP Marketing,Licensing,0,0,2018-08-20,1
CON-2346,ACC-1189,Francisco,Jones,phillipslucas@jones.biz,Global Brand Lead,Commercial,0,0,2017-12-14,1
CON-2347,ACC-1150,Eugene,Jones,morgantricia@bush-reynolds.com,Chief Brand Officer,Marketing,0,0,2022-04-30,0
CON-2348,ACC-1132,Catherine,Hamilton,garciajamie@ortiz.net,Procurement Director,Procurement,0,0,2019-07-21,1
CON-2349,ACC-1128,Joseph,Campbell,codylong@larsen.biz,Creative Director,Brand,1,0,2016-07-23,1
CON-2350,ACC-1038,Christopher,Colon,bgonzalez@jackson.com,Marketing Director,Procurement,0,0,2017-02-04,1
CON-2351,ACC-1106,Thomas,Wilson,qruiz@davis-stephens.com,VP Commercial,Marketing,0,0,2018-09-14,1
CON-2352,ACC-1041,Nathan,James,seanbaker@baker-hood.org,Head of Brand Licensing,Creative,1,1,2022-04-05,1
CON-2353,ACC-1041,Bryan,Goodwin,millermaurice@gutierrez.com,Senior Brand Manager,Commercial,1,0,2016-07-05,1
CON-2354,ACC-1066,Mary,Cardenas,rsheppard@armstrong-young.com,Head of Campaigns,Creative,0,0,2017-01-07,1
CON-2355,ACC-1184,Christian,Orr,shawrachel@byrd.info,Senior Brand Manager,Procurement,0,1,2023-03-01,1
CON-2356,ACC-1120,Gerald,Joyce,lindseymartinez@miller-vega.com,Marketing Director,Brand,0,0,2020-05-26,1
CON-2357,ACC-1210,Wendy,Burton,luis11@hawkins-arnold.com,Global Brand Lead,Licensing,0,1,2017-01-14,1
CON-2358,ACC-1116,April,Stark,buchanancindy@harrington.org,Global Brand Lead,Marketing,1,0,2021-09-09,1
CON-2359,ACC-1051,Brianna,Chang,buckleyanna@floyd.com,Head of Brand Licensing,Commercial,0,0,2020-11-11,1
CON-2360,ACC-1045,Natalie,Baker,earmstrong@jackson.com,Chief Brand Officer,Commercial,0,0,2020-05-03,1
CON-2361,ACC-1192,Christine,Becker,vwilliams@young.com,VP Marketing,Creative,0,0,2016-04-26,1
CON-2362,ACC-1000,Andrew,Roth,larry71@taylor.info,Senior Brand Manager,Creative,0,0,2022-08-11,1
CON-2363,ACC-1135,Kim,Flores,fjacobs@alexander.info,Brand Manager,Creative,0,0,2019-10-24,1
CON-2364,ACC-1189,Katherine,Camacho,robertsonerik@mckinney-powell.net,Global Brand Lead,Marketing,0,1,2022-10-24,1
CON-2365,ACC-1219,Natasha,Johnson,nancygonzalez@wright.com,Head of Partnerships,Commercial,0,0,2015-12-10,1
CON-2366,ACC-1181,Samantha,Bush,micheal78@reid-martinez.com,Licensing Director,Marketing,0,1,2023-05-04,1
CON-2367,ACC-1167,John,Burns,ethompson@arnold.com,VP Commercial,Procurement,0,1,2017-04-21,1
CON-2368,ACC-1149,Kaitlyn,Barker,anthony02@chan.com,Head of Partnerships,Commercial,0,0,2017-11-04,1
CON-2369,ACC-1174,Erica,Adams,xpalmer@smith.org,Licensing Director,Brand,0,0,2019-06-16,1
CON-2370,ACC-1094,Lauren,Walker,jennifer46@york-stevens.com,Head of Campaigns,Creative,1,1,2021-04-09,1
CON-2371,ACC-1180,Steven,Byrd,asilva@key.net,VP Commercial,Brand,0,0,2019-06-19,1
CON-2372,ACC-1114,Deborah,Lynch,gabrielle71@mcneil-davidson.com,Marketing Director,Marketing,1,0,2022-11-04,1
CON-2373,ACC-1140,Jose,Dawson,jacob83@trujillo.biz,VP Commercial,Licensing,0,1,2021-11-20,0
CON-2374,ACC-1001,Donna,Becker,rioswhitney@meadows-sullivan.com,Head of Brand Licensing,Brand,0,0,2016-01-09,1
CON-2375,ACC-1067,Brandy,Cooley,matthewreeves@nichols.com,Procurement Director,Marketing,0,0,2017-06-27,0
CON-2376,ACC-1102,William,Bruce,kellyruiz@green.com,Senior Brand Manager,Commercial,1,0,2021-11-19,1
CON-2377,ACC-1198,Stacey,Lam,walkerjeffrey@fisher-eaton.com,Senior Brand Manager,Creative,0,1,2016-12-18,1
CON-2378,ACC-1205,Jorge,Carter,ruizmichelle@carpenter.com,Head of Partnerships,Brand,1,0,2020-10-23,1
CON-2379,ACC-1059,Vincent,Dillon,amoreno@pitts.com,Marketing Director,Licensing,1,1,2021-11-24,1
CON-2380,ACC-1040,Victoria,Cooper,tthomas@maxwell.com,Head of Partnerships,Creative,1,0,2015-12-22,1
CON-2381,ACC-1132,Crystal,Thompson,smithjoshua@johnston.info,VP Commercial,Licensing,1,1,2015-03-04,1
CON-2382,ACC-1212,Kristen,Chan,christinaschultz@patterson-woods.com,Chief Brand Officer,Commercial,1,0,2021-04-09,1
CON-2383,ACC-1155,Benjamin,Gonzalez,stephanie58@smith.com,Creative Director,Creative,0,1,2017-03-07,1
CON-2384,ACC-1027,Jeremy,Wiley,david68@torres.com,VP Marketing,Commercial,1,0,2021-04-07,1
CON-2385,ACC-1065,Stephen,Meyer,ryan25@howard-lopez.biz,Head of Brand Licensing,Commercial,1,0,2021-01-12,1
CON-2386,ACC-1123,Andrew,Walker,jasonjohnson@jackson.com,Licensing Director,Procurement,0,0,2017-09-23,1
CON-2387,ACC-1150,Nicholas,Bowman,wheelerbrandon@valdez.com,Creative Director,Marketing,1,0,2015-04-23,1
CON-2388,ACC-1056,Hannah,Butler,qmartinez@miles-harris.com,VP Commercial,Brand,0,0,2022-08-04,1
CON-2389,ACC-1137,Kevin,Stanley,cindy26@hunt.com,VP Commercial,Procurement,1,1,2015-02-09,1
CON-2390,ACC-1210,Justin,Glover,mgonzalez@decker-dudley.com,VP Marketing,Commercial,0,0,2018-11-01,1
CON-2391,ACC-1146,Jade,Phillips,kelleyrenee@fitzpatrick.com,Marketing Director,Licensing,0,0,2018-01-07,1
CON-2392,ACC-1051,Rebecca,Conley,fhernandez@jones.com,VP Commercial,Brand,0,1,2017-08-19,1
CON-2393,ACC-1063,Stephen,Madden,steven12@phelps.com,Procurement Director,Brand,0,1,2021-12-08,1
CON-2394,ACC-1169,Ronald,Wilson,smithdevon@jackson.org,Global Brand Lead,Marketing,0,0,2020-07-10,1
CON-2395,ACC-1123,Joseph,Quinn,lisa21@ross-bryant.biz,Global Brand Lead,Procurement,0,0,2019-03-01,0
CON-2396,ACC-1070,Hannah,Mendoza,zbanks@wilson.com,Marketing Director,Commercial,1,1,2020-07-03,1
CON-2397,ACC-1013,Tina,Richard,perrybrittany@gregory.com,Licensing Director,Creative,0,0,2020-11-23,1
CON-2398,ACC-1100,Cheryl,Huffman,timothyfreeman@alexander-brown.com,Licensing Director,Brand,0,1,2022-09-12,1
CON-2399,ACC-1080,Alexander,Oneill,tiffanysantiago@stone-watts.org,Chief Marketing Officer,Marketing,0,0,2022-09-24,1
CON-2400,ACC-1092,Cody,Stanley,timothyalvarado@cruz.org,Head of Brand Licensing,Procurement,1,1,2021-11-14,1
CON-2401,ACC-1156,Brian,Schneider,williamharrison@booth-jones.info,Procurement Director,Brand,0,1,2018-11-06,1
CON-2402,ACC-1095,Malik,Rivera,brent38@gray.info,Head of Brand Licensing,Creative,1,1,2019-02-04,1
CON-2403,ACC-1147,Laurie,West,hwest@mcgee-smith.biz,Brand Manager,Marketing,0,0,2022-09-10,1
CON-2404,ACC-1219,Robert,Hawkins,petersenlatoya@walsh.info,Brand Manager,Brand,0,0,2019-04-10,1
CON-2405,ACC-1002,Stephanie,Cox,velasquezmegan@castro-harvey.info,VP Creative,Creative,1,0,2016-12-24,1
CON-2406,ACC-1136,Jennifer,Cox,wwilson@walker.com,Procurement Director,Creative,1,0,2023-01-30,1
CON-2407,ACC-1101,Amy,Brooks,williamsfrank@underwood.biz,VP Commercial,Brand,1,0,2016-02-10,1
CON-2408,ACC-1161,Daniel,Carr,davidphelps@bryant.com,Creative Director,Licensing,1,0,2016-01-30,1
CON-2409,ACC-1207,Daniel,Perry,bartonshannon@lawrence.com,Procurement Director,Marketing,0,0,2017-11-21,1
CON-2410,ACC-1155,Alyssa,Williams,eroberson@norman.com,Global Brand Lead,Commercial,0,0,2017-03-25,0
CON-2411,ACC-1072,Jessica,Anderson,msandoval@gordon-cruz.org,Procurement Director,Licensing,0,0,2018-12-25,1
CON-2412,ACC-1020,Ruth,Farmer,raymond54@ballard-taylor.org,Global Brand Lead,Procurement,0,0,2019-04-10,0
CON-2413,ACC-1163,Holly,Goodman,megan85@doyle.com,VP Creative,Licensing,0,0,2018-10-13,0
CON-2414,ACC-1020,Claudia,Roberts,samantha22@daniels.com,Procurement Director,Brand,1,0,2016-10-25,1
CON-2415,ACC-1154,Anna,Aguilar,icraig@rich-henderson.com,VP Creative,Procurement,0,0,2022-03-25,0
CON-2416,ACC-1191,Alexandra,Johnson,brianbrown@christensen-martin.com,Head of Campaigns,Creative,0,1,2021-08-01,1
CON-2417,ACC-1186,Frances,Thomas,vaughnkenneth@johnson.net,Senior Brand Manager,Procurement,0,0,2017-08-19,1
CON-2418,ACC-1042,Michelle,Newton,yyoung@roberts.biz,VP Marketing,Marketing,1,0,2019-06-15,1
CON-2419,ACC-1006,Robert,French,tammy00@king.info,Head of Campaigns,Marketing,1,0,2019-06-15,1
CON-2420,ACC-1099,Maria,Pruitt,kari89@parsons.com,Brand Manager,Brand,0,0,2018-06-21,1
CON-2421,ACC-1134,Shane,Lucero,lopezglenn@wilson.com,Chief Marketing Officer,Marketing,0,0,2016-11-29,1
CON-2422,ACC-1121,David,Silva,adam72@hernandez.org,Head of Brand Licensing,Commercial,0,0,2020-03-28,1
CON-2423,ACC-1178,Brent,Randolph,tracy98@jones-zimmerman.net,Marketing Director,Commercial,0,0,2021-01-17,1
CON-2424,ACC-1144,Jeffrey,White,hartmanerik@herrera.com,Head of Campaigns,Licensing,0,1,2019-11-17,1
CON-2425,ACC-1138,Elizabeth,Rivera,jeffery98@barajas-colon.com,Licensing Director,Marketing,0,0,2017-07-19,1
CON-2426,ACC-1077,Danny,Reed,rebeccaaustin@sanchez.biz,Chief Marketing Officer,Commercial,0,0,2015-02-13,1
CON-2427,ACC-1120,Ruth,Landry,uscott@johnson-black.com,Chief Marketing Officer,Licensing,0,0,2020-12-31,1
CON-2428,ACC-1002,Willie,Hicks,pwilliams@flores.com,Licensing Director,Procurement,0,0,2019-10-30,1
CON-2429,ACC-1048,Gary,Huber,simsjason@ayala.com,Chief Brand Officer,Commercial,0,1,2019-08-14,1
CON-2430,ACC-1165,Jamie,Poole,elucas@parks.com,Head of Brand Licensing,Creative,1,1,2019-05-16,1
CON-2431,ACC-1132,Christopher,Brown,angela93@russell-hayes.biz,Licensing Director,Licensing,0,1,2021-11-16,1
CON-2432,ACC-1207,Ryan,Smith,nicholsdarlene@brown.com,VP Creative,Brand,0,1,2018-01-06,1
CON-2433,ACC-1163,Michael,Shaw,kristin49@campbell.biz,Global Brand Lead,Creative,1,0,2020-02-09,1
CON-2434,ACC-1004,Randall,Guerrero,omoore@francis.com,Chief Marketing Officer,Commercial,1,0,2016-09-15,1
CON-2435,ACC-1032,Susan,Thomas,susan08@thomas.biz,Creative Director,Licensing,1,1,2023-01-08,1
CON-2436,ACC-1055,Amanda,Arroyo,jason53@whitehead-york.com,VP Creative,Procurement,0,0,2018-11-01,1
CON-2437,ACC-1178,Eugene,Walker,james29@york.info,Procurement Director,Marketing,0,0,2015-05-10,1
CON-2438,ACC-1198,Deanna,Jones,kingjames@freeman.com,VP Marketing,Commercial,0,1,2019-05-27,1
CON-2439,ACC-1209,Craig,Harvey,louishayes@hopkins.org,Head of Brand Licensing,Marketing,1,0,2019-04-12,1
CON-2440,ACC-1197,Michael,Stewart,ujackson@floyd.biz,Brand Manager,Licensing,0,1,2019-12-20,1
CON-2441,ACC-1024,Joshua,Ward,natalie77@hampton-tucker.com,Senior Brand Manager,Brand,0,0,2020-11-04,1
CON-2442,ACC-1082,Gregory,Obrien,michele28@baker.com,Senior Brand Manager,Licensing,1,0,2016-10-11,1
CON-2443,ACC-1064,Jessica,Mcclain,hessbeth@lewis.net,Senior Brand Manager,Procurement,1,0,2020-05-25,0
CON-2444,ACC-1055,Thomas,Rowe,philip94@marshall.com,Brand Manager,Licensing,0,1,2016-04-07,1
CON-2445,ACC-1149,Randy,Shaw,melaniedrake@sutton.com,VP Creative,Brand,1,1,2016-05-05,1
CON-2446,ACC-1121,Harold,Fry,jillwebb@williams-juarez.com,Global Brand Lead,Brand,1,1,2022-09-20,1
CON-2447,ACC-1023,Bryan,Wood,barnettapril@hughes-hardin.com,Global Brand Lead,Procurement,0,0,2022-09-10,1
CON-2448,ACC-1015,Bill,Wong,padillaadrienne@davenport-baker.net,Senior Brand Manager,Brand,0,0,2018-12-27,1
CON-2449,ACC-1059,Ashley,Bennett,pdiaz@black.com,Head of Campaigns,Licensing,0,0,2018-07-21,1
CON-2450,ACC-1049,Zachary,Gomez,tommy79@shaw.info,VP Commercial,Creative,1,1,2015-03-29,0
CON-2451,ACC-1124,Gabriel,Jones,jason22@guzman-montoya.com,Creative Director,Commercial,1,0,2022-12-04,1
CON-2452,ACC-1047,Robert,Rivera,olsontimothy@garza.biz,Procurement Director,Procurement,0,1,2021-02-04,1
CON-2453,ACC-1141,Andrew,Williams,dennishunt@thomas.net,VP Marketing,Commercial,1,1,2016-10-18,1
CON-2454,ACC-1093,Susan,Greene,johnsjessica@valentine-robinson.org,Chief Marketing Officer,Licensing,0,0,2020-02-03,0
CON-2455,ACC-1158,Victoria,Dillon,jeffreyjenkins@norton.org,Licensing Director,Commercial,1,0,2019-01-31,1
CON-2456,ACC-1137,Donna,Baker,sandra99@hall.com,Brand Manager,Commercial,0,0,2019-05-07,1
CON-2457,ACC-1072,Daniel,Harris,mserrano@thompson.org,VP Creative,Licensing,1,1,2018-08-14,1
CON-2458,ACC-1011,Benjamin,Bowers,davisdonna@ryan.biz,Marketing Director,Marketing,1,0,2016-06-15,1
CON-2459,ACC-1146,Alexa,Wood,wolferoy@clarke-james.org,Head of Brand Licensing,Creative,0,0,2022-03-13,1
CON-2460,ACC-1065,Linda,Velez,colemanjonathan@kent.com,Procurement Director,Brand,0,1,2015-07-21,0
CON-2461,ACC-1053,Carmen,Stephens,jacob09@wilson.com,Creative Director,Marketing,0,0,2022-05-09,1
CON-2462,ACC-1190,Robert,Rodriguez,qpearson@wyatt-henderson.com,Head of Brand Licensing,Procurement,0,1,2019-08-31,1
CON-2463,ACC-1135,Cheryl,Braun,afischer@bowers.net,VP Commercial,Marketing,0,1,2015-06-16,1
CON-2464,ACC-1132,Timothy,Hinton,kim62@wilson.com,VP Marketing,Licensing,1,0,2016-02-02,1
CON-2465,ACC-1168,Craig,Romero,lauren90@price.com,Global Brand Lead,Licensing,0,0,2017-10-15,1
CON-2466,ACC-1191,Linda,Morrow,bfrost@brown.com,Licensing Director,Licensing,0,0,2016-03-08,1
CON-2467,ACC-1109,Christopher,Johnson,zarias@douglas.com,Marketing Director,Brand,0,0,2016-03-02,1
CON-2468,ACC-1136,Sonya,Wilkins,mgonzales@galvan.org,Creative Director,Procurement,0,0,2021-09-23,0
CON-2469,ACC-1216,William,Hale,emilyward@smith.biz,VP Creative,Licensing,0,0,2019-03-03,1
CON-2470,ACC-1144,Michael,Foster,aprilmclaughlin@calhoun.com,Brand Manager,Creative,0,0,2021-02-12,1
CON-2471,ACC-1115,Jessica,Hansen,michael43@mccarty.com,VP Creative,Marketing,0,0,2020-01-07,1
CON-2472,ACC-1132,Jose,Russell,hansenwesley@arroyo-pratt.com,Chief Brand Officer,Procurement,1,0,2016-07-07,1
CON-2473,ACC-1080,Nancy,Li,heather69@carrillo-todd.info,Licensing Director,Licensing,0,0,2015-03-30,1
CON-2474,ACC-1146,Erin,Mosley,olsonjonathan@schultz-gamble.com,Marketing Director,Marketing,1,0,2021-05-30,1
CON-2475,ACC-1093,Lauren,Gutierrez,zachary04@mitchell.com,Brand Manager,Brand,1,1,2021-07-12,1
CON-2476,ACC-1145,Charles,Velazquez,nedwards@adams.com,VP Commercial,Marketing,0,0,2017-06-09,1
CON-2477,ACC-1211,Victor,Gonzalez,moniqueclark@conley.com,VP Commercial,Commercial,0,1,2022-09-25,1
CON-2478,ACC-1009,Eric,Rodriguez,loweelizabeth@smith.info,Licensing Director,Commercial,1,0,2023-03-13,0
CON-2479,ACC-1085,Nathan,Stewart,travis84@walker-ray.com,Chief Brand Officer,Creative,0,0,2018-11-26,0
CON-2480,ACC-1058,Alicia,Henderson,shawphillip@parsons.net,Senior Brand Manager,Commercial,0,0,2023-05-21,1
CON-2481,ACC-1013,Steve,Norris,craignicolas@nguyen.com,Head of Campaigns,Marketing,1,0,2018-06-02,1
CON-2482,ACC-1178,Jacob,Baker,thomas95@white-coleman.biz,Marketing Director,Marketing,0,0,2017-06-23,0
CON-2483,ACC-1192,Jaclyn,Watson,lramirez@anderson.com,Global Brand Lead,Commercial,1,0,2021-09-03,1
CON-2484,ACC-1037,Jennifer,Brock,mchase@marsh.com,Procurement Director,Marketing,0,0,2016-06-25,1
CON-2485,ACC-1067,Thomas,Smith,oporter@ferguson.com,VP Creative,Commercial,0,0,2015-12-15,1
CON-2486,ACC-1123,Anna,Bradley,kgarcia@lewis.info,Brand Manager,Creative,1,0,2021-04-09,1
CON-2487,ACC-1188,Mary,Davis,jordan58@frederick.com,Brand Manager,Brand,1,0,2020-11-17,1
CON-2488,ACC-1147,Michael,Frazier,barbarasantos@thompson.net,VP Marketing,Licensing,0,0,2016-01-02,1
CON-2489,ACC-1088,Tony,Doyle,jamesjustin@frye.com,Senior Brand Manager,Marketing,0,1,2021-08-29,1
CON-2490,ACC-1210,Robert,Salazar,esweeney@martin.com,Global Brand Lead,Brand,0,0,2019-12-17,1
CON-2491,ACC-1175,Logan,Carter,catherine64@norman-mcmillan.org,Marketing Director,Licensing,0,1,2019-03-12,1
CON-2492,ACC-1158,Abigail,Cole,ivanjohnson@young.com,Head of Brand Licensing,Procurement,1,0,2016-08-27,1
CON-2493,ACC-1115,Jason,Sanders,brownnatasha@brown.com,Chief Marketing Officer,Procurement,1,0,2020-04-13,1
CON-2494,ACC-1133,Dalton,Montgomery,penanicole@perez-rojas.info,Head of Partnerships,Commercial,0,0,2023-06-01,1
CON-2495,ACC-1178,Courtney,Anderson,anthonyalvarado@lin-mcdonald.net,Chief Marketing Officer,Creative,0,0,2022-06-30,1
CON-2496,ACC-1043,Sarah,Dunn,tarawolfe@garza.org,Head of Partnerships,Brand,0,0,2015-09-04,1
CON-2497,ACC-1167,Ryan,Bowman,regina78@ballard.com,VP Marketing,Creative,0,0,2015-02-04,0
CON-2498,ACC-1092,Michael,Green,alex82@mitchell-nichols.info,Chief Marketing Officer,Procurement,0,0,2016-03-17,1
CON-2499,ACC-1097,Stacey,Woods,cannonlauren@hall.biz,VP Commercial,Marketing,0,0,2020-09-13,1
CON-2500,ACC-1022,Nicole,Kim,frankmclaughlin@clayton-walker.com,Brand Manager,Commercial,0,0,2017-02-02,1
CON-2501,ACC-1010,Robert,Allen,justin84@lopez-jones.com,Chief Brand Officer,Commercial,1,0,2017-10-10,1
CON-2502,ACC-1004,Keith,Walsh,nnelson@lopez-smith.com,Senior Brand Manager,Procurement,1,1,2018-11-21,0
CON-2503,ACC-1128,Tara,Johnson,campbelldavid@acosta-hall.com,Licensing Director,Marketing,0,0,2018-02-03,0
CON-2504,ACC-1208,Alexis,Robinson,zcollins@bolton-ford.com,Head of Campaigns,Procurement,1,1,2015-05-01,1
CON-2505,ACC-1035,Mark,Bridges,brianrowe@daniels.com,VP Commercial,Creative,0,0,2015-12-26,0
CON-2506,ACC-1175,Paula,Wright,hclayton@wright.com,VP Creative,Brand,0,0,2017-07-20,1
CON-2507,ACC-1154,James,Moss,boydtina@price-ali.com,Creative Director,Commercial,1,0,2018-09-10,1
CON-2508,ACC-1175,Eric,Chandler,kingdanielle@ward.com,Head of Brand Licensing,Brand,1,0,2017-04-08,1
CON-2509,ACC-1034,Teresa,Young,knguyen@richards-foster.com,Chief Brand Officer,Brand,0,0,2019-10-28,1
CON-2510,ACC-1017,Albert,Williams,jbarker@townsend-wright.info,Head of Campaigns,Licensing,1,1,2021-04-01,0
CON-2511,ACC-1186,Christopher,Montgomery,browndeanna@herrera.com,Licensing Director,Procurement,0,0,2015-05-01,1
CON-2512,ACC-1113,Tina,Kramer,linda73@norris.com,Chief Brand Officer,Licensing,0,1,2023-05-13,1
CON-2513,ACC-1027,John,Williams,ihansen@henry.com,Marketing Director,Marketing,0,0,2016-06-22,1
CON-2514,ACC-1145,Jessica,Hill,caseymoore@weiss-weaver.info,Brand Manager,Commercial,1,0,2021-11-13,1
CON-2515,ACC-1176,Aaron,Little,bgross@vincent.com,Marketing Director,Commercial,0,0,2020-05-06,1
CON-2516,ACC-1047,Dominique,Ryan,rlee@cannon-moore.com,Creative Director,Creative,1,1,2019-05-07,1
CON-2517,ACC-1195,Marcus,Davidson,davisdonna@conley.com,Chief Brand Officer,Procurement,0,1,2015-03-03,1
CON-2518,ACC-1051,Morgan,Harris,clee@may.org,VP Marketing,Brand,0,0,2017-04-17,0
CON-2519,ACC-1125,Jacqueline,Scott,jeffrey10@rios.info,Procurement Director,Creative,0,0,2022-09-18,1
